{
    "USER_CD ": 2,
    "USER_CODE ": "phat.t.duong ",
    "USER_NAME ": "Dương Tấn Phát ",
    "GROUP_CD ": 15,
    "GROUP_CODE ": "newgroup_200512015853339812 ",
    "GROUP_NAME ": "DEV - TESTER ",
    "NOTIFICATION_GROUP ": true,
    "NOTIFY_NUMBER ": 1,
    "GROUP_TABLE_NAME ": "ESN_O_GROUP_200512015853339812 ",
    "LAST_MESS_TIME ": " /Date(1715047764520) / "
},
{
    "USER_CD ": 2,
    "USER_CODE ": "phat.t.duong ",
    "USER_NAME ": "Dương Tấn Phát ",
    "GROUP_CD ": 113,
    "GROUP_CODE ": "newgroup_200517061734848177 ",
    "GROUP_NAME ": "Theo dõi IIAT  ",
    "NOTIFICATION_GROUP ": true,
    "NOTIFY_NUMBER ": 1,
    "GROUP_TABLE_NAME ": "ESN_O_GROUP_200517061734848177 ",
    "LAST_MESS_TIME ": " /Date(1715047721587) / "
},
{
    "USER_CD ": 2,
    "USER_CODE ": "phat.t.duong ",
    "USER_NAME ": "Dương Tấn Phát ",
    "GROUP_CD ": 1,
    "GROUP_CODE ": "newgroup_200512115831114203 ",
    "GROUP_NAME ": "DEV ",
    "NOTIFICATION_GROUP ": true,
    "NOTIFY_NUMBER ": 3,
    "GROUP_TABLE_NAME ": "ESN_O_GROUP_200512115831114203 ",
    "LAST_MESS_TIME ": " /Date(1715047364900) / "
},
{
    "USER_CD ": 2,
    "USER_CODE ": "phat.t.duong ",
    "USER_NAME ": "Dương Tấn Phát ",
    "GROUP_CD ": 2,
    "GROUP_CODE ": "newgroup_200512013405360171 ",
    "GROUP_NAME ": "5S TEST ",
    "NOTIFICATION_GROUP ": false,
    "NOTIFY_NUMBER ": 0,
    "GROUP_TABLE_NAME ": "ESN_O_GROUP_200512013405360171 ",
    "LAST_MESS_TIME ": " /Date(1714796189367) / "
},
{
    "USER_CD ": 2,
    "USER_CODE ": "phat.t.duong ",
    "USER_NAME ": "Dương Tấn Phát ",
    "GROUP_CD ": 135,
    "GROUP_CODE ": "newgroup_200615103153313399 ",
    "GROUP_NAME ": "BA - DEV - HD - PA ",
    "NOTIFICATION_GROUP ": false,
    "NOTIFY_NUMBER ": 0,
    "GROUP_TABLE_NAME ": "ESN_O_GROUP_200615103153313399 ",
    "LAST_MESS_TIME ": " /Date(1714796090947) / "
},
{
    "USER_CD ": 2,
    "USER_CODE ": "phat.t.duong ",
    "USER_NAME ": "Dương Tấn Phát ",
    "GROUP_CD ": 67,
    "GROUP_CODE ": "newgroup_200512021326190849 ",
    "GROUP_NAME ": "Thông Báo ",
    "NOTIFICATION_GROUP ": true,
    "NOTIFY_NUMBER ": 0,
    "GROUP_TABLE_NAME ": "ESN_O_GROUP_200512021326190849 ",
    "LAST_MESS_TIME ": " /Date(1714796039520) / "
},
{
    "USER_CD ": 2,
    "USER_CODE ": "phat.t.duong ",
    "USER_NAME ": "Dương Tấn Phát ",
    "GROUP_CD ": 207,
    "GROUP_CODE ": "newgroup_210424020439814833 ",
    "GROUP_NAME ": "Retailer ",
    "NOTIFICATION_GROUP ": true,
    "NOTIFY_NUMBER ": 0,
    "GROUP_TABLE_NAME ": "ESN_O_GROUP_210424020439814833 ",
    "LAST_MESS_TIME ": " /Date(1714740668860) / "
},
{
    "USER_CD ": 2,
    "USER_CODE ": "phat.t.duong ",
    "USER_NAME ": "Dương Tấn Phát ",
    "GROUP_CD ": 127,
    "GROUP_CODE ": "newgroup_200603101524066322 ",
    "GROUP_NAME ": "Test KPI ",
    "NOTIFICATION_GROUP ": true,
    "NOTIFY_NUMBER ": 0,
    "GROUP_TABLE_NAME ": "ESN_O_GROUP_200603101524066322 ",
    "LAST_MESS_TIME ": " /Date(1714739982950) / "
},
{
    "USER_CD ": 2,
    "USER_CODE ": "phat.t.duong ",
    "USER_NAME ": "Dương Tấn Phát ",
    "GROUP_CD ": 4,
    "GROUP_CODE ": "newgroup_200512015528703829 ",
    "GROUP_NAME ": "DEV - HD ",
    "NOTIFICATION_GROUP ": true,
    "NOTIFY_NUMBER ": 0,
    "GROUP_TABLE_NAME ": "ESN_O_GROUP_200512015528703829 ",
    "LAST_MESS_TIME ": " /Date(1714739679473) / "
},
{
    "USER_CD ": 2,
    "USER_CODE ": "phat.t.duong ",
    "USER_NAME ": "Dương Tấn Phát ",
    "GROUP_CD ": 193,
    "GROUP_CODE ": "newgroup_200909023454682304 ",
    "GROUP_NAME ": "VoucherPG ",
    "NOTIFICATION_GROUP ": true,
    "NOTIFY_NUMBER ": 0,
    "GROUP_TABLE_NAME ": "ESN_O_GROUP_200909023454682304 ",
    "LAST_MESS_TIME ": " /Date(1714739671000) / "
},
{
    "USER_CD ": 2,
    "USER_CODE ": "phat.t.duong ",
    "USER_NAME ": "Dương Tấn Phát ",
    "GROUP_CD ": 12,
    "GROUP_CODE ": "newgroup_200512015806977213 ",
    "GROUP_NAME ": "a Đức - Phát ",
    "NOTIFICATION_GROUP ": true,
    "NOTIFY_NUMBER ": 0,
    "GROUP_TABLE_NAME ": "ESN_O_GROUP_200512015806977213 ",
    "LAST_MESS_TIME ": " /Date(1714739658823) / "
},
{
    "USER_CD ": 2,
    "USER_CODE ": "phat.t.duong ",
    "USER_NAME ": "Dương Tấn Phát ",
    "GROUP_CD ": 3,
    "GROUP_CODE ": "newgroup_200512015308600160 ",
    "GROUP_NAME ": "DEV - PA ",
    "NOTIFICATION_GROUP ": true,
    "NOTIFY_NUMBER ": 0,
    "GROUP_TABLE_NAME ": "ESN_O_GROUP_200512015308600160 ",
    "LAST_MESS_TIME ": null
},
{
    "USER_CD ": 2,
    "USER_CODE ": "phat.t.duong ",
    "USER_NAME ": "Dương Tấn Phát ",
    "GROUP_CD ": 7,
    "GROUP_CODE ": "newgroup_200512015653955284 ",
    "GROUP_NAME ": "DEV - Accountant ",
    "NOTIFICATION_GROUP ": true,
    "NOTIFY_NUMBER ": 0,
    "GROUP_TABLE_NAME ": "ESN_O_GROUP_200512015653955284 ",
    "LAST_MESS_TIME ": null
},
{
    "USER_CD ": 2,
    "USER_CODE ": "phat.t.duong ",
    "USER_NAME ": "Dương Tấn Phát ",
    "GROUP_CD ": 10,
    "GROUP_CODE ": "newgroup_200512015741856479 ",
    "GROUP_NAME ": "DEV - Marketing ",
    "NOTIFICATION_GROUP ": true,
    "NOTIFY_NUMBER ": 0,
    "GROUP_TABLE_NAME ": "ESN_O_GROUP_200512015741856479 ",
    "LAST_MESS_TIME ": null
},
{
    "USER_CD ": 2,
    "USER_CODE ": "phat.t.duong ",
    "USER_NAME ": "Dương Tấn Phát ",
    "GROUP_CD ": 14,
    "GROUP_CODE ": "newgroup_200512015833175884 ",
    "GROUP_NAME ": "MsDung - phat.t.duong ",
    "NOTIFICATION_GROUP ": true,
    "NOTIFY_NUMBER ": 0,
    "GROUP_TABLE_NAME ": "ESN_O_GROUP_200512015833175884 ",
    "LAST_MESS_TIME ": null
},
{
    "USER_CD ": 2,
    "USER_CODE ": "phat.t.duong ",
    "USER_NAME ": "Dương Tấn Phát ",
    "GROUP_CD ": 17,
    "GROUP_CODE ": "newgroup_200512015918488746 ",
    "GROUP_NAME ": "ADMIN - DEV ",
    "NOTIFICATION_GROUP ": true,
    "NOTIFY_NUMBER ": 0,
    "GROUP_TABLE_NAME ": "ESN_O_GROUP_200512015918488746 ",
    "LAST_MESS_TIME ": null
},
{
    "USER_CD ": 2,
    "USER_CODE ": "phat.t.duong ",
    "USER_NAME ": "Dương Tấn Phát ",
    "GROUP_CD ": 48,
    "GROUP_CODE ": "newgroup_200512020741674878 ",
    "GROUP_NAME ": "BA - Team Lead ",
    "NOTIFICATION_GROUP ": true,
    "NOTIFY_NUMBER ": 0,
    "GROUP_TABLE_NAME ": "ESN_O_GROUP_200512020741674878 ",
    "LAST_MESS_TIME ": null
},
{
    "USER_CD ": 2,
    "USER_CODE ": "phat.t.duong ",
    "USER_NAME ": "Dương Tấn Phát ",
    "GROUP_CD ": 123,
    "GROUP_CODE ": "newgroup_200527020014419162 ",
    "GROUP_NAME ": "Fix Messenger ",
    "NOTIFICATION_GROUP ": false,
    "NOTIFY_NUMBER ": 0,
    "GROUP_TABLE_NAME ": "ESN_O_GROUP_200527020014419162 ",
    "LAST_MESS_TIME ": null
},
{
    "USER_CD ": 2,
    "USER_CODE ": "phat.t.duong ",
    "USER_NAME ": "Dương Tấn Phát ",
    "GROUP_CD ": 148,
    "GROUP_CODE ": "newgroup_200715062643592662 ",
    "GROUP_NAME ": "Phát - A.Tú ",
    "NOTIFICATION_GROUP ": true,
    "NOTIFY_NUMBER ": 0,
    "GROUP_TABLE_NAME ": "ESN_O_GROUP_200715062643592662 ",
    "LAST_MESS_TIME ": null
},
{
    "USER_CD ": 2,
    "USER_CODE ": "phat.t.duong ",
    "USER_NAME ": "Dương Tấn Phát ",
    "GROUP_CD ": 205,
    "GROUP_CODE ": "newgroup_201013123447336906 ",
    "GROUP_NAME ": "Viet.kh.tran - Phat.t.duong ",
    "NOTIFICATION_GROUP ": true,
    "NOTIFY_NUMBER ": 0,
    "GROUP_TABLE_NAME ": "ESN_O_GROUP_201013123447336906 ",
    "LAST_MESS_TIME ": null
},
{
    "USER_CD ": 2,
    "USER_CODE ": "phat.t.duong ",
    "USER_NAME ": "Dương Tấn Phát ",
    "GROUP_CD ": 206,
    "GROUP_CODE ": "newgroup_210423031428346649 ",
    "GROUP_NAME ": "Distributor ",
    "NOTIFICATION_GROUP ": true,
    "NOTIFY_NUMBER ": 0,
    "GROUP_TABLE_NAME ": "ESN_O_GROUP_210423031428346649 ",
    "LAST_MESS_TIME ": null
},
{
    "USER_CD ": 2,
    "USER_CODE ": "phat.t.duong ",
    "USER_NAME ": "Dương Tấn Phát ",
    "GROUP_CD ": 208,
    "GROUP_CODE ": "newgroup_210424020447904902 ",
    "GROUP_NAME ": "Shipper ",
    "NOTIFICATION_GROUP ": true,
    "NOTIFY_NUMBER ": 0,
    "GROUP_TABLE_NAME ": "ESN_O_GROUP_210424020447904902 ",
    "LAST_MESS_TIME ": null
},
{
    "USER_CD ": 2,
    "USER_CODE ": "phat.t.duong ",
    "USER_NAME ": "Dương Tấn Phát ",
    "GROUP_CD ": 209,
    "GROUP_CODE ": "newgroup_20240308105213 ",
    "GROUP_NAME ": "Báo cáo Chấm ảnh CPVN ",
    "NOTIFICATION_GROUP ": true,
    "NOTIFY_NUMBER ": 0,
    "GROUP_TABLE_NAME ": "ESN_O_GROUP_20240308105213 ",
    "LAST_MESS_TIME ": null
}